[{"id":"user-image-photo-1470770841072-f978cf4d019e.jpg","publicUrl":"np://user.desktop.nicepage.com/Site_1559000852/images/photo-1470770841072-f978cf4d019e.jpg","size":197957,"fileName":"photo-1470770841072-f978cf4d019e.jpg","name":"photo-1470770841072-f978cf4d019e","width":1470,"height":980,"thumbnail":{"url":"np://user.desktop.nicepage.com/Site_1559000852/images/thumbnails/photo-1470770841072-f978cf4d019e.jpg","width":250,"height":167},"originalUrl":"//images01.nicepage.com/c461c07a441a5d220e8feb1a/503617bd77f15e95ba06fff7/photo-1470770841072-f978cf4d019e.jpg","usages":["144884168"]},{"id":"user-image-rggr-min.jpg","publicUrl":"np://user.desktop.nicepage.com/Site_1559000852/images/rggr-min.jpg","size":173572,"fileName":"rggr-min.jpg","name":"rggr-min","width":1200,"height":800,"thumbnail":{"url":"np://user.desktop.nicepage.com/Site_1559000852/images/thumbnails/rggr-min.jpg","width":250,"height":167},"originalUrl":"//images03.nicepage.com/c461c07a441a5d220e8feb1a/b464ddfb3b765f448a5c6e56/rggr-min.jpg","usages":["144884168"]},{"id":"user-image-ewr-min.jpg","publicUrl":"np://user.desktop.nicepage.com/Site_1559000852/images/ewr-min.jpg","size":351398,"fileName":"ewr-min.jpg","name":"ewr-min","width":1980,"height":1320,"thumbnail":{"url":"np://user.desktop.nicepage.com/Site_1559000852/images/thumbnails/ewr-min.jpg","width":250,"height":167},"originalUrl":"//images03.nicepage.com/c461c07a441a5d220e8feb1a/a072475496ff5c56babf336b/ewr-min.jpg","usages":["144884168"]},{"id":"user-image-e51880ea-9f2c-4df5-b552-3f8459c8fd5e.jpg","publicUrl":"np://user.desktop.nicepage.com/Site_1559000852/images/e51880ea-9f2c-4df5-b552-3f8459c8fd5e.jpg","size":135726,"fileName":"e51880ea-9f2c-4df5-b552-3f8459c8fd5e.jpg","name":"e51880ea-9f2c-4df5-b552-3f8459c8fd5e","width":1513,"height":1080,"thumbnail":{"url":"np://user.desktop.nicepage.com/Site_1559000852/images/thumbnails/e51880ea-9f2c-4df5-b552-3f8459c8fd5e.jpg","width":250,"height":178},"originalUrl":"//images01.nicepage.com/c461c07a441a5d220e8feb1a/4aeafb1c4ef15953b5e87bb5/e51880ea-9f2c-4df5-b552-3f8459c8fd5e.jpg","usages":["144884168"]},{"id":"user-image-gggg-min.jpg","publicUrl":"np://user.desktop.nicepage.com/Site_1559000852/images/gggg-min.jpg","size":194091,"fileName":"gggg-min.jpg","name":"gggg-min","width":1080,"height":1080,"thumbnail":{"url":"np://user.desktop.nicepage.com/Site_1559000852/images/thumbnails/gggg-min.jpg","width":250,"height":250},"originalUrl":"//images01.nicepage.com/c461c07a441a5d220e8feb1a/3517224eb8c558b18e31a60a/gggg-min.jpg","usages":["144884168"]},{"id":"user-image-photo-1418065460487-3e41a6c84dc5.jpg","publicUrl":"np://user.desktop.nicepage.com/Site_1559000852/images/photo-1418065460487-3e41a6c84dc5.jpg","size":154737,"fileName":"photo-1418065460487-3e41a6c84dc5.jpg","name":"photo-1418065460487-3e41a6c84dc5","width":1170,"height":780,"thumbnail":{"url":"np://user.desktop.nicepage.com/Site_1559000852/images/thumbnails/photo-1418065460487-3e41a6c84dc5.jpg","width":250,"height":167},"originalUrl":"//images01.nicepage.com/c461c07a441a5d220e8feb1a/78c2a90df1ac561790a74491/photo-1418065460487-3e41a6c84dc5.jpg","usages":["144884168"]},{"id":"user-image-logo.png","publicUrl":"np://user.desktop.nicepage.com/Site_1559000852/images/logo.png","size":9370,"fileName":"logo.png","name":"logo","width":175,"height":61,"thumbnail":{"url":"np://user.desktop.nicepage.com/Site_1559000852/images/thumbnails/logo.png","width":175,"height":61,"length":9370,"type":"png"},"usages":[]},{"id":"user-image-banner-bg.png","publicUrl":"np://user.desktop.nicepage.com/Site_1559000852/images/banner-bg.png","size":868253,"fileName":"banner-bg.png","name":"banner-bg","width":1600,"height":908,"thumbnail":{"url":"np://user.desktop.nicepage.com/Site_1559000852/images/thumbnails/banner-bg.png","width":250,"height":142},"usages":["144884168","832607429","182420788","296203604","2377914111","99579643"]},{"id":"user-image-current-03.jpg","publicUrl":"np://user.desktop.nicepage.com/Site_1559000852/images/current-03.jpg","size":12915,"fileName":"current-03.jpg","name":"current-03","width":171,"height":197,"thumbnail":{"url":"np://user.desktop.nicepage.com/Site_1559000852/images/thumbnails/current-03.jpg","height":197,"width":171,"length":12915,"type":"jpg"},"usages":["832607429"]},{"id":"user-image-1_HA_GIF.gif","publicUrl":"np://user.desktop.nicepage.com/Site_1559000852/images/1_HA_GIF.gif","size":89512,"fileName":"1_HA_GIF.gif","name":"1_HA_GIF","width":500,"height":500,"thumbnail":{"url":"np://user.desktop.nicepage.com/Site_1559000852/images/1_HA_GIF.gif","width":250,"height":250},"usages":["2377914111"]},{"id":"user-image-Group111.png","publicUrl":"np://user.desktop.nicepage.com/Site_1559000852/images/Group111.png","size":21809,"fileName":"Group111.png","name":"Group111","width":500,"height":500,"thumbnail":{"url":"np://user.desktop.nicepage.com/Site_1559000852/images/thumbnails/Group111.png","width":250,"height":250},"usages":["2377914111"]},{"id":"user-image-2_NA_GIF.gif","publicUrl":"np://user.desktop.nicepage.com/Site_1559000852/images/2_NA_GIF.gif","size":110223,"fileName":"2_NA_GIF.gif","name":"2_NA_GIF","width":500,"height":500,"thumbnail":{"url":"np://user.desktop.nicepage.com/Site_1559000852/images/2_NA_GIF.gif","width":250,"height":250},"usages":["2377914111"]},{"id":"user-image-Group13.png","publicUrl":"np://user.desktop.nicepage.com/Site_1559000852/images/Group13.png","size":25450,"fileName":"Group13.png","name":"Group13","width":500,"height":500,"thumbnail":{"url":"np://user.desktop.nicepage.com/Site_1559000852/images/thumbnails/Group13.png","width":250,"height":250},"usages":["2377914111"]},{"id":"user-image-3_CA_GIF.gif","publicUrl":"np://user.desktop.nicepage.com/Site_1559000852/images/3_CA_GIF.gif","size":62160,"fileName":"3_CA_GIF.gif","name":"3_CA_GIF","width":500,"height":500,"thumbnail":{"url":"np://user.desktop.nicepage.com/Site_1559000852/images/3_CA_GIF.gif","width":250,"height":250},"usages":["2377914111"]},{"id":"user-image-Group14.png","publicUrl":"np://user.desktop.nicepage.com/Site_1559000852/images/Group14.png","size":17356,"fileName":"Group14.png","name":"Group14","width":500,"height":500,"thumbnail":{"url":"np://user.desktop.nicepage.com/Site_1559000852/images/thumbnails/Group14.png","width":250,"height":250},"usages":["2377914111"]},{"id":"user-image-4_RA_GIF.gif","publicUrl":"np://user.desktop.nicepage.com/Site_1559000852/images/4_RA_GIF.gif","size":23780,"fileName":"4_RA_GIF.gif","name":"4_RA_GIF","width":500,"height":500,"thumbnail":{"url":"np://user.desktop.nicepage.com/Site_1559000852/images/4_RA_GIF.gif","width":250,"height":250},"usages":["2377914111"]},{"id":"user-image-Group15.png","publicUrl":"np://user.desktop.nicepage.com/Site_1559000852/images/Group15.png","size":20025,"fileName":"Group15.png","name":"Group15","width":500,"height":500,"thumbnail":{"url":"np://user.desktop.nicepage.com/Site_1559000852/images/thumbnails/Group15.png","width":250,"height":250},"usages":["2377914111"]},{"id":"user-image-5_KA_GIF.gif","publicUrl":"np://user.desktop.nicepage.com/Site_1559000852/images/5_KA_GIF.gif","size":69238,"fileName":"5_KA_GIF.gif","name":"5_KA_GIF","width":500,"height":500,"thumbnail":{"url":"np://user.desktop.nicepage.com/Site_1559000852/images/5_KA_GIF.gif","width":250,"height":250},"usages":["2377914111"]},{"id":"user-image-6_DA_GIF.gif","publicUrl":"np://user.desktop.nicepage.com/Site_1559000852/images/6_DA_GIF.gif","size":35699,"fileName":"6_DA_GIF.gif","name":"6_DA_GIF","width":500,"height":500,"thumbnail":{"url":"np://user.desktop.nicepage.com/Site_1559000852/images/6_DA_GIF.gif","width":250,"height":250},"usages":["2377914111"]},{"id":"user-image-Group16.png","publicUrl":"np://user.desktop.nicepage.com/Site_1559000852/images/Group16.png","size":21339,"fileName":"Group16.png","name":"Group16","width":500,"height":500,"thumbnail":{"url":"np://user.desktop.nicepage.com/Site_1559000852/images/thumbnails/Group16.png","width":250,"height":250},"usages":["2377914111"]},{"id":"user-image-20_NGA_GIF.gif","publicUrl":"np://user.desktop.nicepage.com/Site_1559000852/images/20_NGA_GIF.gif","size":41849,"fileName":"20_NGA_GIF.gif","name":"20_NGA_GIF","width":500,"height":500,"thumbnail":{"url":"np://user.desktop.nicepage.com/Site_1559000852/images/20_NGA_GIF.gif","width":250,"height":250},"usages":["2377914111"]},{"id":"user-image-Group17.png","publicUrl":"np://user.desktop.nicepage.com/Site_1559000852/images/Group17.png","size":20622,"fileName":"Group17.png","name":"Group17","width":500,"height":500,"thumbnail":{"url":"np://user.desktop.nicepage.com/Site_1559000852/images/thumbnails/Group17.png","width":250,"height":250},"usages":["2377914111"]},{"id":"user-image-Group30.png","publicUrl":"np://user.desktop.nicepage.com/Site_1559000852/images/Group30.png","size":23395,"fileName":"Group30.png","name":"Group30","width":500,"height":500,"thumbnail":{"url":"np://user.desktop.nicepage.com/Site_1559000852/images/thumbnails/Group30.png","width":250,"height":250},"usages":["2377914111"]},{"id":"user-image-19_THA_GIF.gif","publicUrl":"np://user.desktop.nicepage.com/Site_1559000852/images/19_THA_GIF.gif","size":46174,"fileName":"19_THA_GIF.gif","name":"19_THA_GIF","width":500,"height":500,"thumbnail":{"url":"np://user.desktop.nicepage.com/Site_1559000852/images/19_THA_GIF.gif","width":250,"height":250},"usages":["2377914111"]},{"id":"user-image-Group29.png","publicUrl":"np://user.desktop.nicepage.com/Site_1559000852/images/Group29.png","size":20754,"fileName":"Group29.png","name":"Group29","width":500,"height":500,"thumbnail":{"url":"np://user.desktop.nicepage.com/Site_1559000852/images/thumbnails/Group29.png","width":250,"height":250},"usages":["2377914111"]},{"id":"user-image-18_BA_GIF.gif","publicUrl":"np://user.desktop.nicepage.com/Site_1559000852/images/18_BA_GIF.gif","size":102955,"fileName":"18_BA_GIF.gif","name":"18_BA_GIF","width":500,"height":500,"thumbnail":{"url":"np://user.desktop.nicepage.com/Site_1559000852/images/18_BA_GIF.gif","width":250,"height":250},"usages":["2377914111"]},{"id":"user-image-Group28.png","publicUrl":"np://user.desktop.nicepage.com/Site_1559000852/images/Group28.png","size":18758,"fileName":"Group28.png","name":"Group28","width":500,"height":500,"thumbnail":{"url":"np://user.desktop.nicepage.com/Site_1559000852/images/thumbnails/Group28.png","width":250,"height":250},"usages":["2377914111"]},{"id":"user-image-17_GA_GIF.gif","publicUrl":"np://user.desktop.nicepage.com/Site_1559000852/images/17_GA_GIF.gif","size":42005,"fileName":"17_GA_GIF.gif","name":"17_GA_GIF","width":500,"height":500,"thumbnail":{"url":"np://user.desktop.nicepage.com/Site_1559000852/images/17_GA_GIF.gif","width":250,"height":250},"usages":["2377914111"]},{"id":"user-image-Group27.png","publicUrl":"np://user.desktop.nicepage.com/Site_1559000852/images/Group27.png","size":25158,"fileName":"Group27.png","name":"Group27","width":500,"height":500,"thumbnail":{"url":"np://user.desktop.nicepage.com/Site_1559000852/images/thumbnails/Group27.png","width":250,"height":250},"usages":["2377914111"]},{"id":"user-image-16_MA_GIF.gif","publicUrl":"np://user.desktop.nicepage.com/Site_1559000852/images/16_MA_GIF.gif","size":70268,"fileName":"16_MA_GIF.gif","name":"16_MA_GIF","width":500,"height":500,"thumbnail":{"url":"np://user.desktop.nicepage.com/Site_1559000852/images/16_MA_GIF.gif","width":250,"height":250},"usages":["2377914111"]},{"id":"user-image-14_YA_GIF.gif","publicUrl":"np://user.desktop.nicepage.com/Site_1559000852/images/14_YA_GIF.gif","size":43363,"fileName":"14_YA_GIF.gif","name":"14_YA_GIF","width":500,"height":500,"thumbnail":{"url":"np://user.desktop.nicepage.com/Site_1559000852/images/14_YA_GIF.gif","width":250,"height":250},"usages":["2377914111"]},{"id":"user-image-Group25.png","publicUrl":"np://user.desktop.nicepage.com/Site_1559000852/images/Group25.png","size":23384,"fileName":"Group25.png","name":"Group25","width":500,"height":500,"thumbnail":{"url":"np://user.desktop.nicepage.com/Site_1559000852/images/thumbnails/Group25.png","width":250,"height":250},"usages":["2377914111"]},{"id":"user-image-Group12-Copy2.png","publicUrl":"np://user.desktop.nicepage.com/Site_1559000852/images/Group12-Copy2.png","size":21650,"fileName":"Group12-Copy2.png","name":"Group12-Copy2","width":500,"height":500,"thumbnail":{"url":"np://user.desktop.nicepage.com/Site_1559000852/images/thumbnails/Group12-Copy2.png","width":250,"height":250},"usages":["2377914111"]},{"id":"user-image-Group18.png","publicUrl":"np://user.desktop.nicepage.com/Site_1559000852/images/Group18.png","size":21237,"fileName":"Group18.png","name":"Group18","width":500,"height":500,"thumbnail":{"url":"np://user.desktop.nicepage.com/Site_1559000852/images/thumbnails/Group18.png","width":250,"height":250},"usages":["2377914111"]},{"id":"user-image-7_TA_GIF.gif","publicUrl":"np://user.desktop.nicepage.com/Site_1559000852/images/7_TA_GIF.gif","size":63686,"fileName":"7_TA_GIF.gif","name":"7_TA_GIF","width":500,"height":500,"thumbnail":{"url":"np://user.desktop.nicepage.com/Site_1559000852/images/7_TA_GIF.gif","width":250,"height":250},"usages":["2377914111"]},{"id":"user-image-Group19.png","publicUrl":"np://user.desktop.nicepage.com/Site_1559000852/images/Group19.png","size":23360,"fileName":"Group19.png","name":"Group19","width":500,"height":500,"thumbnail":{"url":"np://user.desktop.nicepage.com/Site_1559000852/images/thumbnails/Group19.png","width":250,"height":250},"usages":["2377914111"]},{"id":"user-image-8_SA_GIF.gif","publicUrl":"np://user.desktop.nicepage.com/Site_1559000852/images/8_SA_GIF.gif","size":65941,"fileName":"8_SA_GIF.gif","name":"8_SA_GIF","width":500,"height":500,"thumbnail":{"url":"np://user.desktop.nicepage.com/Site_1559000852/images/8_SA_GIF.gif","width":250,"height":250},"usages":["2377914111"]},{"id":"user-image-Group20.png","publicUrl":"np://user.desktop.nicepage.com/Site_1559000852/images/Group20.png","size":21038,"fileName":"Group20.png","name":"Group20","width":500,"height":500,"thumbnail":{"url":"np://user.desktop.nicepage.com/Site_1559000852/images/thumbnails/Group20.png","width":250,"height":250},"usages":["2377914111"]},{"id":"user-image-9_WA_GIF.gif","publicUrl":"np://user.desktop.nicepage.com/Site_1559000852/images/9_WA_GIF.gif","size":59746,"fileName":"9_WA_GIF.gif","name":"9_WA_GIF","width":500,"height":500,"thumbnail":{"url":"np://user.desktop.nicepage.com/Site_1559000852/images/9_WA_GIF.gif","width":250,"height":250},"usages":["2377914111"]},{"id":"user-image-Group21.png","publicUrl":"np://user.desktop.nicepage.com/Site_1559000852/images/Group21.png","size":21048,"fileName":"Group21.png","name":"Group21","width":500,"height":500,"thumbnail":{"url":"np://user.desktop.nicepage.com/Site_1559000852/images/thumbnails/Group21.png","width":250,"height":250},"usages":["2377914111"]},{"id":"user-image-10_LA_GIF.gif","publicUrl":"np://user.desktop.nicepage.com/Site_1559000852/images/10_LA_GIF.gif","size":74312,"fileName":"10_LA_GIF.gif","name":"10_LA_GIF","width":500,"height":500,"thumbnail":{"url":"np://user.desktop.nicepage.com/Site_1559000852/images/10_LA_GIF.gif","width":250,"height":250},"usages":["2377914111"]},{"id":"user-image-Group22.png","publicUrl":"np://user.desktop.nicepage.com/Site_1559000852/images/Group22.png","size":18913,"fileName":"Group22.png","name":"Group22","width":500,"height":500,"thumbnail":{"url":"np://user.desktop.nicepage.com/Site_1559000852/images/thumbnails/Group22.png","width":250,"height":250},"usages":["2377914111"]},{"id":"user-image-11_PA_GIF.gif","publicUrl":"np://user.desktop.nicepage.com/Site_1559000852/images/11_PA_GIF.gif","size":63993,"fileName":"11_PA_GIF.gif","name":"11_PA_GIF","width":500,"height":500,"thumbnail":{"url":"np://user.desktop.nicepage.com/Site_1559000852/images/11_PA_GIF.gif","width":250,"height":250},"usages":["2377914111"]},{"id":"user-image-Group23.png","publicUrl":"np://user.desktop.nicepage.com/Site_1559000852/images/Group23.png","size":19211,"fileName":"Group23.png","name":"Group23","width":500,"height":500,"thumbnail":{"url":"np://user.desktop.nicepage.com/Site_1559000852/images/thumbnails/Group23.png","width":250,"height":250},"usages":["2377914111"]},{"id":"user-image-12_DHA_GIF.gif","publicUrl":"np://user.desktop.nicepage.com/Site_1559000852/images/12_DHA_GIF.gif","size":31061,"fileName":"12_DHA_GIF.gif","name":"12_DHA_GIF","width":500,"height":500,"thumbnail":{"url":"np://user.desktop.nicepage.com/Site_1559000852/images/12_DHA_GIF.gif","width":250,"height":250},"usages":["2377914111"]},{"id":"user-image-Group24.png","publicUrl":"np://user.desktop.nicepage.com/Site_1559000852/images/Group24.png","size":24090,"fileName":"Group24.png","name":"Group24","width":500,"height":500,"thumbnail":{"url":"np://user.desktop.nicepage.com/Site_1559000852/images/thumbnails/Group24.png","width":250,"height":250},"usages":["2377914111"]},{"id":"user-image-13_JA_GIF.gif","publicUrl":"np://user.desktop.nicepage.com/Site_1559000852/images/13_JA_GIF.gif","size":55417,"fileName":"13_JA_GIF.gif","name":"13_JA_GIF","width":500,"height":500,"thumbnail":{"url":"np://user.desktop.nicepage.com/Site_1559000852/images/13_JA_GIF.gif","width":250,"height":250},"usages":["2377914111"]},{"id":"user-image-Group26.png","publicUrl":"np://user.desktop.nicepage.com/Site_1559000852/images/Group26.png","size":22546,"fileName":"Group26.png","name":"Group26","width":500,"height":500,"thumbnail":{"url":"np://user.desktop.nicepage.com/Site_1559000852/images/thumbnails/Group26.png","width":250,"height":250},"usages":["2377914111"]},{"id":"user-image-15_NYA_GIF.gif","publicUrl":"np://user.desktop.nicepage.com/Site_1559000852/images/15_NYA_GIF.gif","size":103916,"fileName":"15_NYA_GIF.gif","name":"15_NYA_GIF","width":500,"height":500,"thumbnail":{"url":"np://user.desktop.nicepage.com/Site_1559000852/images/15_NYA_GIF.gif","width":250,"height":250},"usages":["2377914111"]},{"id":"user-image-3114931.png","publicUrl":"np://user.desktop.nicepage.com/Site_1559000852/images/3114931.png","size":770,"fileName":"3114931.png","name":"3114931","width":128,"height":128,"thumbnail":{"url":"np://user.desktop.nicepage.com/Site_1559000852/images/thumbnails/3114931.png","width":128,"height":128,"length":770,"type":"png"},"usages":["2377914111"]}]